Age,CO2,Proxy
196.1,3010,PALEOSOLS (d13C)
211.9,3160,PALEOSOLS (d13C)
223.3,2000,PALEOSOLS (d13C)
142.2,2100,PALEOSOLS (d13C)
242.1,710,PALEOSOLS (d13C)
211.9,2500,PALEOSOLS (d13C)
4.0,300,PALEOSOLS (d13C)
8.4,500,PALEOSOLS (d13C)
13.7,500,PALEOSOLS (d13C)
53.5,300,PALEOSOLS (d13C)
106.8,2250,PALEOSOLS (d13C)
55.5,820,PALEOSOLS (d13C)
56.5,1070,PALEOSOLS (d13C)
303.0,1470,PALEOSOLS (d13C)
344.9,1310,PALEOSOLS (d13C)
7.7,730,PALEOSOLS (d13C)
10.6,1120,PALEOSOLS (d13C)
7.1,1170,PALEOSOLS (d13C)
55.5,500,PALEOSOLS (d13C)
56.5,500,PALEOSOLS (d13C)
69.1,300,PALEOSOLS (d13C)
7.0,370,PALEOSOLS (d13C)
9.0,510,PALEOSOLS (d13C)
13.0,740,PALEOSOLS (d13C)
13.0,440,PALEOSOLS (d13C)
285.6,175,PALEOSOLS (d13C)
303.0,625,PALEOSOLS (d13C)
327.1,725,PALEOSOLS (d13C)
327.1,525,PALEOSOLS (d13C)
332.6,800,PALEOSOLS (d13C)
338.8,475,PALEOSOLS (d13C)
365.6,988,PALEOSOLS (d13C)
365.6,1500,PALEOSOLS (d13C)
423.3,4200,PALEOSOLS (d13C)
5.0,810,PALEOSOLS (d13C)
21.0,780,PALEOSOLS (d13C)
25.6,1470,PALEOSOLS (d13C)
45.0,1950,PALEOSOLS (d13C)
60.7,0,PALEOSOLS (d13C)
69.1,820,PALEOSOLS (d13C)
69.1,430,PALEOSOLS (d13C)
69.1,630,PALEOSOLS (d13C)
77.9,2950,PALEOSOLS (d13C)
77.9,1260,PALEOSOLS (d13C)
119.7,2260,PALEOSOLS (d13C)
119.7,2710,PALEOSOLS (d13C)
119.7,2690,PALEOSOLS (d13C)
119.7,1480,PALEOSOLS (d13C)
154.7,3180,PALEOSOLS (d13C)
187.7,4560,PALEOSOLS (d13C)
172.2,1920,PALEOSOLS (d13C)
223.3,1650,PALEOSOLS (d13C)
223.3,1830,PALEOSOLS (d13C)
223.3,2850,PALEOSOLS (d13C)
242.1,610,PALEOSOLS (d13C)
259.4,1000,PALEOSOLS (d13C)
290.5,0,PALEOSOLS (d13C)
303.0,1520,PALEOSOLS (d13C)
344.8,2060,PALEOSOLS (d13C)
388.0,1560,PALEOSOLS (d13C)
130.1,2300,PALEOSOLS (d13C)
134.3,2450,PALEOSOLS (d13C)
365.6,2850,PALEOSOLS (d13C)
365.6,3150,PALEOSOLS (d13C)
402.6,3300,PALEOSOLS (d13C)
421.1,3600,PALEOSOLS (d13C)
377.5,2800,PALEOSOLS (d13C)
385.2,3900,PALEOSOLS (d13C)
54.2,2034,PALEOSOLS (d13C)
54.9,577,PALEOSOLS (d13C)
56.2,1152,PALEOSOLS (d13C)
56.5,1217,PALEOSOLS (d13C)
56.7,1448,PALEOSOLS (d13C)
57.3,2041,PALEOSOLS (d13C)
57.7,1185,PALEOSOLS (d13C)
200.3,2480,PALEOSOLS (d13C)
223.3,2250,PALEOSOLS (d13C)
130.1,560,PALEOSOLS (d13C)
64.8,1000,PALEOSOLS (d13C)
65.3,850,PALEOSOLS (d13C)
65.9,750,PALEOSOLS (d13C)
67.2,1400,PALEOSOLS (d13C)
67.2,750,PALEOSOLS (d13C)
77.1,1200,PALEOSOLS (d13C)
65.2,534,PALEOSOLS (d13C)
65.2,488,PALEOSOLS (d13C)
65.4,264,PALEOSOLS (d13C)
65.6,334,PALEOSOLS (d13C)
65.8,533,PALEOSOLS (d13C)
65.9,161,PALEOSOLS (d13C)
66.1,549,PALEOSOLS (d13C)
66.2,832,PALEOSOLS (d13C)
66.4,271,PALEOSOLS (d13C)
66.5,0,PALEOSOLS (d13C)
66.5,127,PALEOSOLS (d13C)
66.6,45,PALEOSOLS (d13C)
66.6,790,PALEOSOLS (d13C)
66.7,1358,PALEOSOLS (d13C)
66.9,1277,PALEOSOLS (d13C)
66.9,796,PALEOSOLS (d13C)
67.0,657,PALEOSOLS (d13C)
67.0,385,PALEOSOLS (d13C)
68.5,31,PALEOSOLS (d13C)
68.7,512,PALEOSOLS (d13C)
68.8,329,PALEOSOLS (d13C)
69.0,475,PALEOSOLS (d13C)
69.1,415,PALEOSOLS (d13C)
69.3,607,PALEOSOLS (d13C)
69.4,435,PALEOSOLS (d13C)
69.5,1034,PALEOSOLS (d13C)
69.7,611,PALEOSOLS (d13C)
69.9,927,PALEOSOLS (d13C)
70.0,1126,PALEOSOLS (d13C)
70.1,986,PALEOSOLS (d13C)
70.2,365,PALEOSOLS (d13C)
70.3,115,PALEOSOLS (d13C)
70.5,378,PALEOSOLS (d13C)
71.4,763,PALEOSOLS (d13C)
71.5,868,PALEOSOLS (d13C)
71.6,883,PALEOSOLS (d13C)
280.7,500,PALEOSOLS (d13C)
273.7,500,PALEOSOLS (d13C)
83.3,1480,PALEOSOLS (d13C)
182.4,2225,PALEOSOLS (d13C)
232.7,1170,PALEOSOLS (d13C)
242.1,1210,PALEOSOLS (d13C)
279.4,715,PALEOSOLS (d13C)
219.0,1760,PALEOSOLS (d13C)
219.0,1390,PALEOSOLS (d13C)
232.7,290,PALEOSOLS (d13C)
246.1,1160,PALEOSOLS (d13C)
246.1,600,PALEOSOLS (d13C)
92.2,1544,PALEOSOLS (d13C)
300.2,1103,PALEOSOLS (d13C)
299.9,1046,PALEOSOLS (d13C)
299.7,997,PALEOSOLS (d13C)
298.6,773,PALEOSOLS (d13C)
297.9,433,PALEOSOLS (d13C)
296.6,187,PALEOSOLS (d13C)
295.9,190,PALEOSOLS (d13C)
294.3,158,PALEOSOLS (d13C)
293.1,658,PALEOSOLS (d13C)
290.5,1895,PALEOSOLS (d13C)
290.5,1700,PALEOSOLS (d13C)
290.4,1700,PALEOSOLS (d13C)
290.4,1700,PALEOSOLS (d13C)
290.2,1513,PALEOSOLS (d13C)
289.9,1240,PALEOSOLS (d13C)
289.4,514,PALEOSOLS (d13C)
288.9,516,PALEOSOLS (d13C)
287.4,1501,PALEOSOLS (d13C)
287.0,2060,PALEOSOLS (d13C)
286.9,2173,PALEOSOLS (d13C)
285.8,2184,PALEOSOLS (d13C)
285.0,2234,PALEOSOLS (d13C)
284.8,2234,PALEOSOLS (d13C)
284.5,2324,PALEOSOLS (d13C)
283.8,2854,PALEOSOLS (d13C)
283.4,3102,PALEOSOLS (d13C)
282.4,2998,PALEOSOLS (d13C)
281.1,3521,PALEOSOLS (d13C)
277.6,3488,PALEOSOLS (d13C)
210.7,222,PALEOSOLS (d13C)
211.8,816,PALEOSOLS (d13C)
211.8,965,PALEOSOLS (d13C)
210.7,25,PALEOSOLS (d13C)
210.7,90,PALEOSOLS (d13C)
210.7,743,PALEOSOLS (d13C)
211.8,2500,PALEOSOLS (d13C)
211.8,2553,PALEOSOLS (d13C)
211.8,2394,PALEOSOLS (d13C)
210.7,688,PALEOSOLS (d13C)
210.7,537,PALEOSOLS (d13C)
210.7,754,PALEOSOLS (d13C)
211.8,2164,PALEOSOLS (d13C)
211.8,1787,PALEOSOLS (d13C)
211.8,2023,PALEOSOLS (d13C)
211.8,2517,PALEOSOLS (d13C)
211.8,1943,PALEOSOLS (d13C)
211.8,2274,PALEOSOLS (d13C)
210.7,1119,PALEOSOLS (d13C)
211.8,2051,PALEOSOLS (d13C)
205.4,2665,PALEOSOLS (d13C)
205.4,2553,PALEOSOLS (d13C)
205.4,1627,PALEOSOLS (d13C)
205.4,1787,PALEOSOLS (d13C)
205.4,1294,PALEOSOLS (d13C)
205.4,1322,PALEOSOLS (d13C)
205.4,1545,PALEOSOLS (d13C)
205.4,1026,PALEOSOLS (d13C)
205.4,1245,PALEOSOLS (d13C)
205.4,2335,PALEOSOLS (d13C)
205.4,2404,PALEOSOLS (d13C)
205.4,2950,PALEOSOLS (d13C)
205.4,2674,PALEOSOLS (d13C)
205.4,1759,PALEOSOLS (d13C)
205.4,1686,PALEOSOLS (d13C)
205.4,3237,PALEOSOLS (d13C)
205.4,2427,PALEOSOLS (d13C)
205.4,1227,PALEOSOLS (d13C)
205.4,2534,PALEOSOLS (d13C)
205.4,1546,PALEOSOLS (d13C)
205.4,682,PALEOSOLS (d13C)
205.4,1922,PALEOSOLS (d13C)
205.4,2342,PALEOSOLS (d13C)
12.8,433,PALEOSOLS (d13C)
13.1,519,PALEOSOLS (d13C)
13.8,310,PALEOSOLS (d13C)
14.4,203,PALEOSOLS (d13C)
14.7,116,PALEOSOLS (d13C)
15.1,291,PALEOSOLS (d13C)
15.6,852,PALEOSOLS (d13C)
16.0,579,PALEOSOLS (d13C)
16.1,487,PALEOSOLS (d13C)
95.3,3268,PALEOSOLS (d13C)
113.4,1478,PALEOSOLS (d13C)
200.4,2496,PALEOSOLS (d13C)
200.5,3131,PALEOSOLS (d13C)
200.9,5273,PALEOSOLS (d13C)
200.9,4941,PALEOSOLS (d13C)
200.9,1949,PALEOSOLS (d13C)
201.0,2356,PALEOSOLS (d13C)
201.1,3708,PALEOSOLS (d13C)
201.1,2642,PALEOSOLS (d13C)
201.2,3460,PALEOSOLS (d13C)
201.2,3014,PALEOSOLS (d13C)
201.2,3657,PALEOSOLS (d13C)
201.2,4015,PALEOSOLS (d13C)
201.2,4050,PALEOSOLS (d13C)
201.2,4070,PALEOSOLS (d13C)
201.2,4234,PALEOSOLS (d13C)
201.3,3453,PALEOSOLS (d13C)
201.3,3577,PALEOSOLS (d13C)
201.4,3584,PALEOSOLS (d13C)
201.5,4228,PALEOSOLS (d13C)
201.5,4434,PALEOSOLS (d13C)
201.5,1065,PALEOSOLS (d13C)
201.7,1787,PALEOSOLS (d13C)
201.8,2242,PALEOSOLS (d13C)
201.9,2253,PALEOSOLS (d13C)
202.1,2263,PALEOSOLS (d13C)
202.2,1597,PALEOSOLS (d13C)
202.5,2419,PALEOSOLS (d13C)
203.0,2231,PALEOSOLS (d13C)
203.1,1947,PALEOSOLS (d13C)
203.6,1532,PALEOSOLS (d13C)
203.7,2782,PALEOSOLS (d13C)
203.9,1475,PALEOSOLS (d13C)
211.9,1775,PALEOSOLS (d13C)
211.9,1703,PALEOSOLS (d13C)
211.9,2218,PALEOSOLS (d13C)
211.9,2064,PALEOSOLS (d13C)
205.0,2065,PALEOSOLS (d13C)
201.3,5186,PALEOSOLS (d13C)
201.2,3074,PALEOSOLS (d13C)
200.8,2249,PALEOSOLS (d13C)
200.8,5473,PALEOSOLS (d13C)
200.8,2980,PALEOSOLS (d13C)
200.8,3530,PALEOSOLS (d13C)
200.8,4391,PALEOSOLS (d13C)
200.8,4518,PALEOSOLS (d13C)
200.7,3574,PALEOSOLS (d13C)
200.7,2727,PALEOSOLS (d13C)
200.7,3019,PALEOSOLS (d13C)
200.7,2811,PALEOSOLS (d13C)
200.7,3455,PALEOSOLS (d13C)
200.7,2988,PALEOSOLS (d13C)
200.6,3072,PALEOSOLS (d13C)
200.6,2317,PALEOSOLS (d13C)
200.6,3280,PALEOSOLS (d13C)
200.6,2204,PALEOSOLS (d13C)
200.6,2545,PALEOSOLS (d13C)
200.5,4496,PALEOSOLS (d13C)
200.5,4125,PALEOSOLS (d13C)
200.5,5092,PALEOSOLS (d13C)
200.4,2882,PALEOSOLS (d13C)
200.4,3003,PALEOSOLS (d13C)
200.4,1496,PALEOSOLS (d13C)
200.4,2117,PALEOSOLS (d13C)
200.3,2649,PALEOSOLS (d13C)
200.3,2716,PALEOSOLS (d13C)
200.2,1528,PALEOSOLS (d13C)
200.2,915,PALEOSOLS (d13C)
199.8,785,PALEOSOLS (d13C)
199.0,1768,PALEOSOLS (d13C)
127.9,530,PALEOSOLS (d13C)
137.9,241,PALEOSOLS (d13C)
143.5,345,PALEOSOLS (d13C)
83.0,1522,PALEOSOLS (d13C)
98.0,1520,PALEOSOLS (d13C)
100.5,1368,PALEOSOLS (d13C)
102.0,1428,PALEOSOLS (d13C)
103.5,1060,PALEOSOLS (d13C)
113.5,449,PALEOSOLS (d13C)
157.8,1673,PALEOSOLS (d13C)
5.5,222,PALEOSOLS (d13C)
50.5,684,PALEOSOLS (d13C)
50.7,397,PALEOSOLS (d13C)
50.9,178,PALEOSOLS (d13C)
51.1,1285,PALEOSOLS (d13C)
51.2,1354,PALEOSOLS (d13C)
51.4,971,PALEOSOLS (d13C)
51.5,1709,PALEOSOLS (d13C)
51.5,1299,PALEOSOLS (d13C)
51.8,903,PALEOSOLS (d13C)
52.0,301,PALEOSOLS (d13C)
63.6,399,PALEOSOLS (d13C)
63.7,341,PALEOSOLS (d13C)
64.6,326,PALEOSOLS (d13C)
64.7,456,PALEOSOLS (d13C)
64.9,286,PALEOSOLS (d13C)
65.0,584,PALEOSOLS (d13C)
65.1,451,PALEOSOLS (d13C)
65.2,569,PALEOSOLS (d13C)
65.4,470,PALEOSOLS (d13C)
66.5,837,PALEOSOLS (d13C)
68.3,277,PALEOSOLS (d13C)
52.8,400,PALEOSOLS (d13C)
52.6,750,PALEOSOLS (d13C)
51.9,1260,PALEOSOLS (d13C)
51.8,1210,PALEOSOLS (d13C)
51.1,725,PALEOSOLS (d13C)
135.7,1711,PALEOSOLS (d13C)
31.6,433,PALEOSOLS (d13C)
31.6,633,PALEOSOLS (d13C)
253.2,1325,PALEOSOLS (d13C)
253.2,1100,PALEOSOLS (d13C)
253.2,883,PALEOSOLS (d13C)
6.4,213,PALEOSOLS (d13C)
6.7,283,PALEOSOLS (d13C)
6.8,372,PALEOSOLS (d13C)
8.8,274,PALEOSOLS (d13C)
9.1,197,PALEOSOLS (d13C)
12.7,267,PALEOSOLS (d13C)
13.7,101,PALEOSOLS (d13C)
17.5,261,PALEOSOLS (d13C)
17.8,237,PALEOSOLS (d13C)
18.0,160,PALEOSOLS (d13C)
18.2,274,PALEOSOLS (d13C)
23.0,203,PALEOSOLS (d13C)
100.8,954,PALEOSOLS (d13C)
102.4,776,PALEOSOLS (d13C)
103.1,990,PALEOSOLS (d13C)
103.3,1315,PALEOSOLS (d13C)
104.6,1558,PALEOSOLS (d13C)
104.7,1424,PALEOSOLS (d13C)
104.8,1568,PALEOSOLS (d13C)
106.1,1749,PALEOSOLS (d13C)
106.4,1843,PALEOSOLS (d13C)
106.5,2099,PALEOSOLS (d13C)
106.6,1871,PALEOSOLS (d13C)
106.9,1870,PALEOSOLS (d13C)
107.8,1501,PALEOSOLS (d13C)
108.8,1269,PALEOSOLS (d13C)
110.3,1331,PALEOSOLS (d13C)
111.1,2046,PALEOSOLS (d13C)
111.5,2458,PALEOSOLS (d13C)
111.8,2350,PALEOSOLS (d13C)
112.3,2286,PALEOSOLS (d13C)
112.7,1774,PALEOSOLS (d13C)
113.8,1619,PALEOSOLS (d13C)
114.8,1893,PALEOSOLS (d13C)
114.9,1783,PALEOSOLS (d13C)
115.3,1709,PALEOSOLS (d13C)
116.1,2082,PALEOSOLS (d13C)
117.8,1705,PALEOSOLS (d13C)
123.3,920,PALEOSOLS (d13C)
123.6,759,PALEOSOLS (d13C)
123.7,1030,PALEOSOLS (d13C)
123.8,1272,PALEOSOLS (d13C)
126.4,1331,PALEOSOLS (d13C)
126.6,1887,PALEOSOLS (d13C)
127.5,2130,PALEOSOLS (d13C)
129.8,1175,PALEOSOLS (d13C)
130.2,1279,PALEOSOLS (d13C)
130.8,1053,PALEOSOLS (d13C)
131.3,2387,PALEOSOLS (d13C)
132.0,3202,PALEOSOLS (d13C)
201.5,1065,PALEOSOLS (d13C)
201.8,1784,PALEOSOLS (d13C)
201.8,2242,PALEOSOLS (d13C)
201.9,2253,PALEOSOLS (d13C)
202.1,2263,PALEOSOLS (d13C)
202.6,1597,PALEOSOLS (d13C)
202.8,2420,PALEOSOLS (d13C)
203.3,2230,PALEOSOLS (d13C)
203.5,1947,PALEOSOLS (d13C)
203.9,2914,PALEOSOLS (d13C)
204.1,1532,PALEOSOLS (d13C)
204.4,2782,PALEOSOLS (d13C)
204.6,2141,PALEOSOLS (d13C)
204.6,2960,PALEOSOLS (d13C)
204.7,3036,PALEOSOLS (d13C)
205.9,3237,PALEOSOLS (d13C)
205.9,3156,PALEOSOLS (d13C)
207.2,2944,PALEOSOLS (d13C)
207.3,3413,PALEOSOLS (d13C)
207.5,4086,PALEOSOLS (d13C)
207.8,3758,PALEOSOLS (d13C)
207.9,3763,PALEOSOLS (d13C)
208.1,4430,PALEOSOLS (d13C)
208.3,4430,PALEOSOLS (d13C)
208.4,4248,PALEOSOLS (d13C)
209.2,4787,PALEOSOLS (d13C)
210.0,4134,PALEOSOLS (d13C)
210.3,3443,PALEOSOLS (d13C)
210.8,3908,PALEOSOLS (d13C)
211.6,2435,PALEOSOLS (d13C)
211.6,3355,PALEOSOLS (d13C)
211.9,2913,PALEOSOLS (d13C)
213.1,3953,PALEOSOLS (d13C)
215.0,4792,PALEOSOLS (d13C)
215.0,4632,PALEOSOLS (d13C)
215.1,4685,PALEOSOLS (d13C)
215.2,5584,PALEOSOLS (d13C)
215.3,5094,PALEOSOLS (d13C)
215.4,4827,PALEOSOLS (d13C)
215.6,4670,PALEOSOLS (d13C)
215.6,4699,PALEOSOLS (d13C)
215.7,4861,PALEOSOLS (d13C)
216.0,3705,PALEOSOLS (d13C)
216.2,4151,PALEOSOLS (d13C)
218.2,4775,PALEOSOLS (d13C)
218.8,4198,PALEOSOLS (d13C)
222.0,4098,PALEOSOLS (d13C)
222.3,3487,PALEOSOLS (d13C)
222.4,4534,PALEOSOLS (d13C)
223.2,3941,PALEOSOLS (d13C)
224.3,4563,PALEOSOLS (d13C)
225.8,3821,PALEOSOLS (d13C)
226.2,4954,PALEOSOLS (d13C)
226.6,4774,PALEOSOLS (d13C)
227.1,5352,PALEOSOLS (d13C)
229.3,4980,PALEOSOLS (d13C)
229.7,3668,PALEOSOLS (d13C)
231.0,3775,PALEOSOLS (d13C)
231.4,4846,PALEOSOLS (d13C)
232.0,3214,PALEOSOLS (d13C)
232.2,4326,PALEOSOLS (d13C)
100.0,746,PALEOSOLS (d13C)
102.5,886,PALEOSOLS (d13C)
111.5,996,PALEOSOLS (d13C)
113.5,1335,PALEOSOLS (d13C)
115.5,986,PALEOSOLS (d13C)
116.0,1071,PALEOSOLS (d13C)
116.5,1190,PALEOSOLS (d13C)
119.4,1179,PALEOSOLS (d13C)
1.0,244,PALEOSOLS (d13C)
1.1,214,PALEOSOLS (d13C)
1.2,335,PALEOSOLS (d13C)
1.2,217,PALEOSOLS (d13C)
1.2,193,PALEOSOLS (d13C)
1.3,141,PALEOSOLS (d13C)
1.3,157,PALEOSOLS (d13C)
1.3,196,PALEOSOLS (d13C)
1.4,194,PALEOSOLS (d13C)
1.4,192,PALEOSOLS (d13C)
1.4,192,PALEOSOLS (d13C)
1.4,194,PALEOSOLS (d13C)
1.5,239,PALEOSOLS (d13C)
1.5,210,PALEOSOLS (d13C)
1.5,303,PALEOSOLS (d13C)
1.6,282,PALEOSOLS (d13C)
1.6,230,PALEOSOLS (d13C)
1.6,247,PALEOSOLS (d13C)
1.6,207,PALEOSOLS (d13C)
1.7,239,PALEOSOLS (d13C)
1.8,230,PALEOSOLS (d13C)
1.9,307,PALEOSOLS (d13C)
1.9,252,PALEOSOLS (d13C)
2.1,299,PALEOSOLS (d13C)
2.1,300,PALEOSOLS (d13C)
2.1,278,PALEOSOLS (d13C)
2.2,338,PALEOSOLS (d13C)
2.3,387,PALEOSOLS (d13C)
2.3,342,PALEOSOLS (d13C)
2.3,405,PALEOSOLS (d13C)
2.6,400,PALEOSOLS (d13C)
2.6,385,PALEOSOLS (d13C)
221.9,6,PALEOSOLS (d13C)
220.1,215,PALEOSOLS (d13C)
214.7,355,PALEOSOLS (d13C)
213.5,443,PALEOSOLS (d13C)
213.3,500,PALEOSOLS (d13C)
213.2,546,PALEOSOLS (d13C)
213.1,501,PALEOSOLS (d13C)
213.0,523,PALEOSOLS (d13C)
212.7,170,PALEOSOLS (d13C)
212.6,738,PALEOSOLS (d13C)
212.5,1463,PALEOSOLS (d13C)
212.4,522,PALEOSOLS (d13C)
212.2,713,PALEOSOLS (d13C)
212.1,708,PALEOSOLS (d13C)
212.0,10,PALEOSOLS (d13C)
211.7,683,PALEOSOLS (d13C)
211.5,643,PALEOSOLS (d13C)
211.4,749,PALEOSOLS (d13C)
211.3,128,PALEOSOLS (d13C)
211.2,182,PALEOSOLS (d13C)
211.2,616,PALEOSOLS (d13C)
211.1,726,PALEOSOLS (d13C)
210.9,-127,PALEOSOLS (d13C)
210.7,-194,PALEOSOLS (d13C)
210.4,219,PALEOSOLS (d13C)
210.1,420,PALEOSOLS (d13C)
209.9,1080,PALEOSOLS (d13C)
209.9,777,PALEOSOLS (d13C)
209.7,665,PALEOSOLS (d13C)
209.6,529,PALEOSOLS (d13C)
209.5,1220,PALEOSOLS (d13C)
209.3,1025,PALEOSOLS (d13C)
209.2,1406,PALEOSOLS (d13C)
209.0,1063,PALEOSOLS (d13C)
208.6,1869,PALEOSOLS (d13C)
208.4,904,PALEOSOLS (d13C)
208.2,1179,PALEOSOLS (d13C)
208.0,964,PALEOSOLS (d13C)
207.4,1978,PALEOSOLS (d13C)
205.15,2440,PALEOSOLS (d13C)
205.15,1850,PALEOSOLS (d13C)
205.15,1941,PALEOSOLS (d13C)
211.9,1123,PALEOSOLS (d13C)
211.9,1180,PALEOSOLS (d13C)
34.2,434,PALEOSOLS (d13C)
2.1,358,STOMATA
5.1,358,STOMATA
7.2,270,STOMATA
8.5,350,STOMATA
10.5,370,STOMATA
2.8,276,STOMATA
3.4,330,STOMATA
4.0,363,STOMATA
4.6,270,STOMATA
168.8,879,STOMATA
200.3,864,STOMATA
205.4,758,STOMATA
205.4,835,STOMATA
44.5,768,STOMATA
168.8,639,STOMATA
285.6,354,STOMATA
316.6,261,STOMATA
400.5,2282,STOMATA
200.7,716,STOMATA
201.3,1535,STOMATA
201.6,702,STOMATA
135.1,1448,STOMATA
172.2,1894,STOMATA
187.7,735,STOMATA
44.5,965,STOMATA
15.2,339,STOMATA
15.3,341,STOMATA
15.3,313,STOMATA
16.5,535,STOMATA
54.2,443,STOMATA
54.3,327,STOMATA
54.7,378,STOMATA
55.6,479,STOMATA
55.9,667,STOMATA
56.1,307,STOMATA
56.1,307,STOMATA
56.1,307,STOMATA
56.1,520,STOMATA
56.2,304,STOMATA
56.4,313,STOMATA
56.5,316,STOMATA
56.6,320,STOMATA
56.7,315,STOMATA
56.7,318,STOMATA
56.7,318,STOMATA
57.2,469,STOMATA
58.1,447,STOMATA
59.9,535,STOMATA
59.9,574,STOMATA
270.6,343,STOMATA
270.6,266,STOMATA
270.6,290,STOMATA
270.6,326,STOMATA
270.6,342,STOMATA
313.5,348,STOMATA
313.5,351,STOMATA
313.5,336,STOMATA
313.5,308,STOMATA
313.5,350,STOMATA
313.5,366,STOMATA
313.5,368,STOMATA
313.5,358,STOMATA
313.5,303,STOMATA
313.5,367,STOMATA
313.5,350,STOMATA
313.5,401,STOMATA
313.5,287,STOMATA
313.5,311,STOMATA
313.5,284,STOMATA
313.5,325,STOMATA
324.0,385,STOMATA
324.0,392,STOMATA
324.0,359,STOMATA
168.4,816,STOMATA
63.8,367,STOMATA
64.1,330,STOMATA
65.4,343,STOMATA
65.4,470,STOMATA
66.5,539,STOMATA
54.3,515,STOMATA
61.1,317,STOMATA
49.9,659,STOMATA
409.2,2836,STOMATA
182.5,1050,STOMATA
182.6,1550,STOMATA
182.7,550,STOMATA
182.8,950,STOMATA
182.9,950,STOMATA
183.0,600,STOMATA
104.1,710,STOMATA
110.4,710,STOMATA
116.5,700,STOMATA
123.0,695,STOMATA
124.7,630,STOMATA
127.9,630,STOMATA
130.2,550,STOMATA
131.4,620,STOMATA
133.0,650,STOMATA
139.5,1442,STOMATA
139.5,1228,STOMATA
139.5,1151,STOMATA
168.0,1031,STOMATA
168.0,926,STOMATA
172.2,896,STOMATA
186.8,942,STOMATA
25.6,588,STOMATA
22.1,333,STOMATA
20.0,332,STOMATA
19.0,397,STOMATA
19.0,459,STOMATA
17.6,374,STOMATA
17.6,341,STOMATA
17.6,388,STOMATA
17.0,393,STOMATA
16.8,425,STOMATA
16.5,393,STOMATA
15.8,564,STOMATA
15.7,555,STOMATA
15.7,552,STOMATA
15.7,449,STOMATA
13.9,287,STOMATA
13.9,293,STOMATA
11.6,332,STOMATA
72.5,559,STOMATA
73.1,568,STOMATA
73.7,572,STOMATA
74.7,589,STOMATA
75.4,593,STOMATA
75.9,695,STOMATA
78.1,568,STOMATA
79.9,582,STOMATA
81.5,585,STOMATA
121.0,867,STOMATA
121.0,837,STOMATA
121.0,784,STOMATA
121.0,573,STOMATA
121.0,1060,STOMATA
121.0,1060,STOMATA
121.0,867,STOMATA
121.0,593,STOMATA
121.0,908,STOMATA
121.0,782,STOMATA
121.0,734,STOMATA
121.0,769,STOMATA
101.8,974,STOMATA
101.8,852,STOMATA
101.8,917,STOMATA
101.8,954,STOMATA
3.9,355,STOMATA
12.0,468,STOMATA
34.5,672,STOMATA
35.5,746,STOMATA
46.4,908,STOMATA
118.0,893,STOMATA
124.7,1008,STOMATA
127.9,592,STOMATA
142.0,813,STOMATA
142.0,736,STOMATA
143.5,972,STOMATA
148.0,736,STOMATA
153.4,939,STOMATA
203.2,908,STOMATA
230.5,813,STOMATA
233.8,789,STOMATA
233.8,825,STOMATA
168.8,1422,STOMATA
168.8,1373,STOMATA
168.8,1296,STOMATA
168.8,1188,STOMATA
168.8,1134,STOMATA
94.5,366,STOMATA
94.4,381,STOMATA
94.3,384,STOMATA
94.3,410,STOMATA
94.2,444,STOMATA
94.1,457,STOMATA
94.1,360,STOMATA
94.1,446,STOMATA
94.1,396,STOMATA
94.1,448,STOMATA
94.1,508,STOMATA
94.0,485,STOMATA
94.0,425,STOMATA
94.0,466,STOMATA
94.0,370,STOMATA
93.9,431,STOMATA
93.9,436,STOMATA
50.6,600,STOMATA
50.6,600,STOMATA
50.6,600,STOMATA
203.7,2200,STOMATA
38.4,634,STOMATA
201.1,1320,STOMATA
201.1,1140,STOMATA
201.1,2792,STOMATA
201.3,2152,STOMATA
201.6,1445,STOMATA
201.6,1092,STOMATA
201.6,1195,STOMATA
201.6,1236,STOMATA
201.6,1113,STOMATA
201.1,1469,STOMATA
201.3,1604,STOMATA
201.6,1761,STOMATA
201.6,1600,STOMATA
201.6,1459,STOMATA
201.6,881,STOMATA
201.6,1206,STOMATA
201.6,1122,STOMATA
3.1,357,STOMATA
8.5,360,STOMATA
47.4,943,STOMATA
85.0,660,STOMATA
85.0,531,STOMATA
85.0,565,STOMATA
35.9,450,STOMATA
30.8,671,STOMATA
27.0,395,STOMATA
25.0,453,STOMATA
24.0,434,STOMATA
17.4,402,STOMATA
33.0,383,STOMATA
409.2,1548,STOMATA
317.5,332,STOMATA
311.1,340,STOMATA
316.5,388,STOMATA
277.2,498,STOMATA
219.2,889,STOMATA
226.5,615,STOMATA
131.6,513,STOMATA
106.8,828,STOMATA
106.8,662,STOMATA
106.8,734,STOMATA
48.0,636,STOMATA
40.9,356,STOMATA
24.9,389,STOMATA
12.8,434,STOMATA
42.9,424,STOMATA
186.8,809,STOMATA
13.8,334,STOMATA
9.5,351,STOMATA
2.9,280,STOMATA
2.7,279,STOMATA
2.6,285,STOMATA
1.9,280,STOMATA
1.0,278,STOMATA
97.2,1028,STOMATA
117.0,796,STOMATA
121.0,824,STOMATA
121.0,839,STOMATA
112.6,856,STOMATA
112.6,846,STOMATA
23.5,476,STOMATA
26.5,429,STOMATA
33.5,409,STOMATA
34.5,410,STOMATA
36.0,365,STOMATA
204.9,1472,STOMATA
171.2,990,STOMATA
171.2,954,STOMATA
60.0,322,STOMATA
65.5,418,STOMATA
65.9,429,STOMATA
67.0,649,STOMATA
23.0,516,STOMATA
23.0,425,STOMATA
28.5,390,STOMATA
32.98,550,Marine Boron
33.17,710,Marine Boron
33.33,890,Marine Boron
33.47,930,Marine Boron
33.59,690,Marine Boron
33.96,870,Marine Boron
34.21,960,Marine Boron
34.42,940,Marine Boron
34.63,810,Marine Boron
0.00,266,Marine Boron
0.46,293,Marine Boron
0.90,278,Marine Boron
1.50,279,Marine Boron
2.11,274,Marine Boron
2.59,258,Marine Boron
2.79,283,Marine Boron
2.89,399,Marine Boron
2.99,402,Marine Boron
3.05,428,Marine Boron
3.17,336,Marine Boron
3.50,366,Marine Boron
1.98,219,Marine Boron
2.03,262,Marine Boron
2.08,246,Marine Boron
2.16,221,Marine Boron
2.17,383,Marine Boron
2.20,386,Marine Boron
2.30,238,Marine Boron
2.50,367,Marine Boron
2.56,310,Marine Boron
2.60,203,Marine Boron
2.69,194,Marine Boron
2.70,358,Marine Boron
2.71,314,Marine Boron
2.71,238,Marine Boron
2.71,334,Marine Boron
2.75,300,Marine Boron
2.77,404,Marine Boron
2.78,418,Marine Boron
2.78,316,Marine Boron
2.80,314,Marine Boron
2.92,241,Marine Boron
3.00,354,Marine Boron
3.07,265,Marine Boron
3.08,411,Marine Boron
3.10,249,Marine Boron
3.16,233,Marine Boron
3.22,242,Marine Boron
3.24,330,Marine Boron
3.26,252,Marine Boron
3.32,274,Marine Boron
3.40,255,Marine Boron
3.41,251,Marine Boron
3.47,292,Marine Boron
3.54,329,Marine Boron
3.59,282,Marine Boron
3.72,310,Marine Boron
3.79,288,Marine Boron
3.87,408,Marine Boron
3.96,295,Marine Boron
4.04,334,Marine Boron
4.12,394,Marine Boron
4.58,425,Marine Boron
12.28,190,Marine Boron
12.72,223,Marine Boron
13.25,244,Marine Boron
13.48,243,Marine Boron
13.72,240,Marine Boron
13.83,257,Marine Boron
14.17,268,Marine Boron
14.31,272,Marine Boron
14.80,374,Marine Boron
15.04,332,Marine Boron
15.56,298,Marine Boron
15.87,392,Marine Boron
16.38,225,Marine Boron
11.80,247,Marine Boron
13.60,232,Marine Boron
14.94,346,Marine Boron
13.70,250,Marine Boron
13.74,255,Marine Boron
13.74,230,Marine Boron
13.77,301,Marine Boron
13.79,283,Marine Boron
13.80,311,Marine Boron
15.54,300,Marine Boron
15.60,442,Marine Boron
15.61,469,Marine Boron
15.63,330,Marine Boron
15.65,294,Marine Boron
15.69,287,Marine Boron
15.72,505,Marine Boron
15.76,291,Marine Boron
15.77,315,Marine Boron
15.81,520,Marine Boron
15.84,435,Marine Boron
15.89,281,Marine Boron
15.95,291,Marine Boron
15.96,318,Marine Boron
15.98,595,Marine Boron
15.99,322,Marine Boron
16.06,293,Marine Boron
16.12,406,Marine Boron
16.15,309,Marine Boron
16.18,271,Marine Boron
16.21,236,Marine Boron
16.24,477,Marine Boron
16.27,278,Marine Boron
16.30,467,Marine Boron
16.33,262,Marine Boron
16.37,502,Marine Boron
16.40,430,Marine Boron
16.42,221,Marine Boron
16.47,532,Marine Boron
16.59,271,Marine Boron
16.65,242,Marine Boron
16.69,236,Marine Boron
16.76,338,Marine Boron
16.98,207,Marine Boron
17.11,252,Marine Boron
2.34,317,Marine Boron
2.35,318,Marine Boron
2.35,306,Marine Boron
2.36,450,Marine Boron
2.37,415,Marine Boron
2.38,371,Marine Boron
2.39,377,Marine Boron
2.41,278,Marine Boron
2.42,332,Marine Boron
2.45,320,Marine Boron
2.47,340,Marine Boron
2.50,357,Marine Boron
2.50,362,Marine Boron
2.52,246,Marine Boron
2.55,335,Marine Boron
2.56,300,Marine Boron
2.58,330,Marine Boron
2.59,362,Marine Boron
2.62,279,Marine Boron
2.62,305,Marine Boron
2.63,245,Marine Boron
2.65,282,Marine Boron
2.66,302,Marine Boron
2.67,263,Marine Boron
2.68,323,Marine Boron
2.69,284,Marine Boron
2.70,276,Marine Boron
2.70,234,Marine Boron
2.70,319,Marine Boron
2.71,262,Marine Boron
2.75,339,Marine Boron
2.75,321,Marine Boron
2.76,358,Marine Boron
2.78,279,Marine Boron
2.80,281,Marine Boron
2.83,317,Marine Boron
2.83,361,Marine Boron
2.84,388,Marine Boron
2.85,308,Marine Boron
2.86,445,Marine Boron
2.91,371,Marine Boron
2.92,377,Marine Boron
2.94,337,Marine Boron
2.95,358,Marine Boron
2.95,419,Marine Boron
2.96,346,Marine Boron
2.98,328,Marine Boron
3.00,369,Marine Boron
3.01,357,Marine Boron
3.03,381,Marine Boron
3.04,419,Marine Boron
3.05,418,Marine Boron
3.06,361,Marine Boron
3.06,413,Marine Boron
3.07,380,Marine Boron
3.09,334,Marine Boron
3.10,319,Marine Boron
3.11,392,Marine Boron
3.13,345,Marine Boron
3.14,334,Marine Boron
3.15,403,Marine Boron
3.16,340,Marine Boron
3.17,452,Marine Boron
3.18,381,Marine Boron
3.19,283,Marine Boron
3.20,331,Marine Boron
3.21,326,Marine Boron
3.22,376,Marine Boron
3.24,423,Marine Boron
3.24,354,Marine Boron
3.25,316,Marine Boron
3.26,348,Marine Boron
3.27,365,Marine Boron
3.28,313,Marine Boron
2.35,369,Marine Boron
2.42,442,Marine Boron
2.50,423,Marine Boron
2.63,402,Marine Boron
2.75,376,Marine Boron
2.83,352,Marine Boron
3.16,525,Marine Boron
3.24,441,Marine Boron
0.54,162,Marine Boron
0.54,281,Marine Boron
0.60,163,Marine Boron
0.62,169,Marine Boron
0.76,175,Marine Boron
0.82,152,Marine Boron
0.86,168,Marine Boron
0.94,183,Marine Boron
1.82,250,Marine Boron
2.74,274,Marine Boron
2.89,481,Marine Boron
3.21,423,Marine Boron
3.66,357,Marine Boron
3.89,507,Marine Boron
4.10,380,Marine Boron
5.19,433,Marine Boron
6.35,332,Marine Boron
53.2,1400,Marine Boron
45.6,1100,Marine Boron
44.4,920,Marine Boron
36.9,770,Marine Boron
40.3,650,Marine Boron
51.9,1868,LIVERWORTS (d13C)
58.8,583,LIVERWORTS (d13C)
70.0,670,LIVERWORTS (d13C)
100.8,797,LIVERWORTS (d13C)
104.1,830,LIVERWORTS (d13C)
104.1,977,LIVERWORTS (d13C)
104.1,1001,LIVERWORTS (d13C)
111.9,654,LIVERWORTS (d13C)
121.9,1051,LIVERWORTS (d13C)
139.3,982,LIVERWORTS (d13C)
161.7,698,LIVERWORTS (d13C)
169.5,637,LIVERWORTS (d13C)
187.7,919,LIVERWORTS (d13C)
205.6,388,LIVERWORTS (d13C)